### 常用的mysql客户端工具图形客户端

<br/>

1) phpMyAdmin
2) Workbench
3) MySQL Front
4) Navicat 

### MySQL当中的通配符

<br/>

```shell
_ 表示任意单个字符
% 表示任意长度的任意字符
```

#### 数据库运算符

1) 算数运算符
```shell
+    -   *   /   % 
```
2) 比较运算符
```shell
>   <   >=  <=  =     !=    <>      成立返回1，不成立返回0
```
3) 逻辑运算符
```shell
and or not
```

1.算数运算符
```shell
mysql> select 1+2
-> ;         // ->表示命令没输完
mysql> select 1-2;
mysql> select 2+3.4567;
mysql> select 4*3,4/3,4/3.0;
mysql> select 4/0;   //结果为null
mysql> select 1+'2a';  //结果为3，字符串以数字开头，转换成数字
mysql> select 1+'a2';  //结果为1，字符串以字母开头，转成数字0
mysql> show warnings;    //查看警告信息
+---------+------+----------------------------------------+
| Level   | Code | Message                                |
+---------+------+----------------------------------------+
| Warning | 1292 | Truncated incorrect DOUBLE value: 'a2' |
+---------+------+----------------------------------------+
1 row in set (0.00 sec)
mysql> select power(2,3);        //2 的3次幂
+------------+
| power(2,3) |
+------------+
|          8 |
+------------+
1 row in set (0.00 sec)
```

2.比较运算符
```shell
mysql> select 1 > 2;
mysql> select 1 <> 2;
mysql> select 'b' = 'B';    //返回1，默认不区分大小写
mysql> select binary 'b' = 'B';  //返回0，想区分大小写，指定binary关键字
```

3、逻辑运算符
```shell
mysql> select 4 > 3 and 'a' = 'A';
mysql> select 4 > 3 or 'a' = 'B';
mysql> select not 4 < 5;    
```

<br/>

## MySQL整数数据类型

<br/>
		
| 数据类型 | 描述 |
|------------------------|------|
| tinyint(m) | 1个字节 范围(-128-127) |
| smallint(m) | 2个字节 范围(-32768-32767) |
| mediumint(m) | 3个字节 范围(-8388608-8388607) |
| int(m)   | 4个字节 范围(-2147483648-2147483647) |

取值范围如果加了unsigned，则最大值翻倍，如tinyint unsigned的取值范围为(0-256), int(m)里的m是表示select查询结果集中的显示宽度，并不影响取值范围，没有影响到显示的宽度，不知道这个m

<br/>

## MySQL浮点型

<br/>

| 数据类型 | 描述 |
|------------------------|------|
| float(m,d) | 单精度浮点型 8位精度(4字节) m总个数, d小数位 |
| smallint(m) | 双精度浮点型 16为精度(8字节) m总个数, d小数位 |

设一个字段定义为 float(5,3) 如果插入一个数 123.45678 实际数据库存的是 123.457 但总个数还以实际为准 即6位

<br/>

## MySQL定点数据类型

<br/>

| 数据类型 | 描述 |
|------------------------|------|
| decimal(m,d) | 参数 m<65 是总个数，d<30且d<m是小数位 |

浮点型在数据库中存放的是近似值，而定点数据类型在数据库中存放的是精确值

<br/>

## MySQL字符串类型

<br/>

| 数据类型 | 描述 |
|------------------------|------|
| char(n) | 固定长度，最多255个字符 |
| varchar(n) | 固定长度，最多65535个字符 |
| tinytext | 可变长度，最多255个字符 |
| text   | 可变长度，最多65535个字符 |
| mediumtext | 可变长度，最多2的24次方-1个字符 |
| longtext | 可变长度，最多2的32次方-1个字符 |

<br/>

#### char和varchar
1) char(n) 若存入字符数小于n，则以空格补于其后，查询之时再将空格去掉。所以char类型存储的字符串末尾不能有空格，varchar不限于此
2) char(n) 固定长度，char(4)不管是存入几个字符，都将占用4个字节，varchar是存入的实际字符数+1个字节(n<=255)或2个字节(n>255)所以varchar(4)存入3个字符将占用4个字节
3) char类型的字符串检索速度要比varchar类型的快

<br/>

#### varchar和text

1) varchar可指定n，text不能指定，内部存储varchar是存入的实际字符数+1个字节(n<=255)或2个字节(n>255), text是实际字符数+2个字节
2) text类型不能有默认值
3) varchar可直接创建索引，text创建索引要指定前多少个字符，varchar查询速度快于text在都创建索引的情况下，text的索引似乎不起作用

<br/>

#### 二进制数据(Blob)

1) BLOB和text的存储方式不同，TEXT使用文本的方式进行存储，英文存储区分大小写，而blob是以二进制方式存储，不区分大小写
2) BLOB存储的数据只能整体读出
3) TEXT可以指定字符集, BLOB不用指定字符集

<br/>

#### 日期时间类型

<br/>

| 数据类型 | 描述 |
|------------------------|------|
| date | 日期 '2018-12-2' |
| time | 时间 '12:25:21' |
| datetime | 日期时间 '2008-12-12 22:06:03' |
| timestamp | 自动存储记录修改时间 |

若定义一个字段为timestamp，这个字段里的时间数据会随其他字段的修改而自动刷新，所以这个数据类型可以存放这条记录最后被修改的时间

<br/>

#### 数据类型的属性定义

<br/>

| 数据类型 | 描述 |
|------------------------|------|
| NULL | 数据列可包含NULL值 |
| NOT NULL | 数据列不允许包含NULL值 |
| DEFAULT | 默认值 |
| PRIMARY KEY | 为字段设置主键 |
| AUTO_INCREMENT | 自动递增适用于整数类型 |
| UNSIGNED | 无符号 |
| CHARACTER SET name | 指定一个字符集 |
| COMMENT | 对相关字段的意思进行描述 |


<br/>

首先数据库的特色就是它能够按照一定的抽象思维来进行数据存储和思维立体化，数据库能够对抽象的事物进行关系映射，从而形成一种相互关联的效果

MySQL在使用的时候必须为其创建一个数据库来进行使用

```sql
CREATE DATABASE `abc` /*!40100 DEFAULT CHARACTER SET utf8 */;
```

之后使用 use abc进入所创建的数据库当中

接下来需要创建相关的表用来存储相关操作进来的数据，比如说现在要将一个用户的信息进行抽象化并且和数据库里面的字段进行对应然后用户这个表来对数据进行存储可以有如下的操作

```sql
CREATE TABLE `user` (
  `id` int(11) NOT NULL AUTO_INCREMENT COMMENT '字段编号',
  `name` varchar(32) NOT NULL COMMENT '姓名',
  `age` int(11) NOT NULL COMMENT '年龄',
  `sex` varchar(32) NOT NULL COMMENT '性别',
  `money` int(11) DEFAULT NULL COMMENT '存款',
  `telephone` varchar(32) NOT NULL COMMENT '电话',
  `email` varchar(32) DEFAULT NULL COMMENT '电子邮件',
  `add_time` TIMESTAMP COMMENT '添加时间',
  `bodyof` int(11) NOT NULL DEFAULT 0 COMMENT '用户身份{0:普通用户,1:高级用户,2:管理员,3:超级管理员}',
PRIMARY KEY (`id`)
) ENGINE=InnoDB DEFAULT CHARSET=utf8 COMMENT='用户信息表';
```

创建好表之后就可以向表当中进行数据添加了

```sql
insert into user (name, age, sex, money, telephone, email) values ('zhangyz', 23, 'man', 10000, 15021402839, 'zhangyz@gmail.com');
```

其中，需要注意的一点是数据在被添加到数据库里面的时候必须要理解的一点就是前面必须要加上对应数据所对应的字段名字如果加入错误的话数据是不能够被存入数据库当中的。

在日常生活当中本身担任运维工程师的角色，现在因为公司的业务原因需要对现有的运维体系作一个更新和规划，公司现在有需求想要对运维进行自动化发布，自动化统计资产，自动化监控运行的服务器和线上的业务。

于是对如下的表进行了相关规划操作

1) 服务器表
2) 运行的服务记录表
3) 代码自动化发布表
4) 服务和业务监控表



