### 常用的mysql客户端工具图形客户端

<br/>

1) phpMyAdmin
2) Workbench
3) MySQL Front
4) Navicat 

### MySQL当中的通配符

<br/>

```shell
_ 表示任意单个字符
% 表示任意长度的任意字符
```

#### 数据库运算符

1) 算数运算符
```shell
+    -   *   /   % 
```
2) 比较运算符
```shell
>   <   >=  <=  =     !=    <>      成立返回1，不成立返回0
```
3) 逻辑运算符
```shell
and or not
```

1.算数运算符
```shell
mysql> select 1+2
-> ;         // ->表示命令没输完
mysql> select 1-2;
mysql> select 2+3.4567;
mysql> select 4*3,4/3,4/3.0;
mysql> select 4/0;   //结果为null
mysql> select 1+'2a';  //结果为3，字符串以数字开头，转换成数字
mysql> select 1+'a2';  //结果为1，字符串以字母开头，转成数字0
mysql> show warnings;    //查看警告信息
+---------+------+----------------------------------------+
| Level   | Code | Message                                |
+---------+------+----------------------------------------+
| Warning | 1292 | Truncated incorrect DOUBLE value: 'a2' |
+---------+------+----------------------------------------+
1 row in set (0.00 sec)
mysql> select power(2,3);        //2 的3次幂
+------------+
| power(2,3) |
+------------+
|          8 |
+------------+
1 row in set (0.00 sec)
```

2.比较运算符
```shell
mysql> select 1>2;
mysql> select 1<>2;
mysql> select 'b'='B';    //返回1，默认不区分大小写
mysql> select binary 'b'='B';  //返回0，想区分大小写，指定binary关键字
```

3、逻辑运算符
```shell
mysql> select 4>3 and 'a'='A';
mysql> select 4>3 or 'a'='B';
mysql> select not 4<5;    
```

使用mysql创建可以存放数据的表结构和表关系让它们相互对应

