cp mysql_install_db ../bin/
cd ..
ls
bin/mysql_install_db --user=mysql --datadir=/mydata/data/
rm -rf /etc/my.cnf 
cp support-files/my-large.cnf /etc/my.cnf
cp support-files/mysql.server /etc/init.d/mysqld
chkconfig --add mysqld
chkconfig --list
chkconfig --list mysqld
service mysqld start
chkconfig mysqld on
service mysqld start
chkconfig --list mysqld
clear
vim /etc/profile.d/mysql.sh
. /etc/profile.d/mysql.sh
echo $PATH




DROP USER ''@'localhost.localdomain';

DROP USER 'root'@::1;

SELECT User,Host, Password FROM user;

更新密码
UPDATE user SET Password=PASSWORD('redhat') WHERE user='root';

FLUSH PRIVILEGES;                       刷新用户权限


提供一个配置文件
cd /root

touch .my.cnf

vim .my.cnf
[client]
user = 'root'
password = 'redhat'
host = 'localhost'

查看全局变量
SHOW VARIABLES LIKE '%innodb%';


创建数据库
CREATE DATABASE mydb;

创建表
CREATE TABLE testdb(id INT NOT NULL, name CHAR((30));


		mysql> USE mysql
		Database changed
		mysql> SELECT User,Host,Password FROM user;
		+------+-------------+----------+
		| User | Host        | Password |
		+------+-------------+----------+
		| root | localhost   |          |
		| root | test.up.com |          |
		| root | 127.0.0.1   |          |
		| root | ::1         |          |
		|      | test.up.com |          |
		+------+-------------+----------+
		5 rows in set (0.00 sec)

		mysql> DROP USER ''@'test.up.com';
		Query OK, 0 rows affected (0.00 sec)

		mysql> DROP USER 'root'@'::1';
Query OK, 0 rows affected (0.00 sec)

	mysql> SELECT User,Host,Password FROM user;
	+------+-------------+----------+
	| User | Host        | Password |
	+------+-------------+----------+
	| root | localhost   |          |
	| root | test.up.com |          |
	| root | 127.0.0.1   |          |
	+------+-------------+----------+
3 rows in set (0.00 sec)

	mysql> UPDATE user SET Password=PASSWORD('redhat') WHERE user='root';
Query OK, 3 rows affected (0.04 sec)
	Rows matched: 3  Changed: 3  Warnings: 0

	mysql> SELECT User,Host,Password FROM user;
	+------+-------------+-------------------------------------------+
	| User | Host        | Password                                  |
	+------+-------------+-------------------------------------------+
	| root | localhost   | *84BB5DF4823DA319BBF86C99624479A198E6EEE9 |
	| root | test.up.com | *84BB5DF4823DA319BBF86C99624479A198E6EEE9 |
	| root | 127.0.0.1   | *84BB5DF4823DA319BBF86C99624479A198E6EEE9 |
	+------+-------------+-------------------------------------------+
3 rows in set (0.00 sec)



	[root@test ~]# mysql -uroot -p
	Enter password: 
	Welcome to the MySQL monitor.  Commands end with ; or \g.
	Your MySQL connection id is 7
	Server version: 5.5.37-log Source distribution

	Copyright (c) 2000, 2014, Oracle and/or its affiliates. All rights reserved.

	Oracle is a registered trademark of Oracle Corporation and/or its
	affiliates. Other names may be trademarks of their respective
	owners.

	Type 'help;' or '\h' for help. Type '\c' to clear the current input statement.

	mysql> \q
	Bye



	[root@test ~]# mysql
	Welcome to the MySQL monitor.  Commands end with ; or \g.
	Your MySQL connection id is 2
	Server version: 5.5.37-log Source distribution

	Copyright (c) 2000, 2014, Oracle and/or its affiliates. All rights reserved.

	Oracle is a registered trademark of Oracle Corporation and/or its
	affiliates. Other names may be trademarks of their respective
	owners.

	Type 'help;' or '\h' for help. Type '\c' to clear the current input statement.

	mysql> \q
	Bye
	[root@test ~]# mysql -uroot -h 192.168.231.130 -p
	Enter password: 
	Welcome to the MySQL monitor.  Commands end with ; or \g.
	Your MySQL connection id is 3
	Server version: 5.5.37-log Source distribution

	Copyright (c) 2000, 2014, Oracle and/or its affiliates. All rights reserved.

	Oracle is a registered trademark of Oracle Corporation and/or its
	affiliates. Other names may be trademarks of their respective
	owners.

	Type 'help;' or '\h' for help. Type '\c' to clear the current input statement.

	mysql> \q
	Bye



	MyISAM:
	每表三个文件
	.frm  表结构
	.MYD 表数据
	.MYI  表索引


	InnoDB：
	所有表共享一个表空间文件
	建议：每表一个独立的表空间文件
	.frm 表结构
	.ibd 表空间（表数据和表索引）

	================================================================================

	mysql> create DATABASE mydb;
Query OK, 1 row affected (0.00 sec)
	mysql> CREATE TABLE testdb(id INT NOT NULL, name CHAR(30));
	mysql> use mydb
	Database changed
	mysql> CREATE TABLE testdb(id INT NOT NULL, name CHAR(30));
Query OK, 0 rows affected (0.22 sec)

